{"cameraMode":{"drawMode":0,"name":"Shaded","section":"Shading Mode"},"sceneLighting":true,"audioPlay":false,"sceneViewState":{"m_AlwaysRefresh":false,"showFog":true,"showSkybox":true,"showFlares":true,"showImageEffects":true,"showParticleSystems":true,"showVisualEffectGraphs":true,"m_FxEnabled":true},"in2DMode":false,"pivot":{"x":7.793724060058594,"y":0.8403313159942627,"z":2.8982977867126467},"rotation":{"x":0.5534969568252564,"y":-0.018822209909558297,"z":0.012322294525802136,"w":0.8323879837989807},"size":5.521228790283203,"orthographic":false}