{"cameraMode":{"drawMode":0,"name":"Shaded","section":"Shading Mode"},"sceneLighting":true,"audioPlay":false,"sceneViewState":{"m_AlwaysRefresh":false,"showFog":true,"showSkybox":true,"showFlares":true,"showImageEffects":true,"showParticleSystems":true,"showVisualEffectGraphs":true,"m_FxEnabled":true},"in2DMode":false,"pivot":{"x":-0.049641191959381106,"y":1.170701503753662,"z":0.5358607769012451},"rotation":{"x":-0.2647920250892639,"y":0.6945829391479492,"z":-0.31043270230293276,"w":-0.5924320816993713},"size":1.7196987867355347,"orthographic":false}